﻿<?xml version="1.0"?>
<Orchard>
  <Recipe>
    <Name>Laser</Name>
    <Description>Remember To add "it-IT" in Settings Language</Description>
    <Author>Lorenzo Frediani</Author>
    <WebSite>laser-group.com</WebSite>
    <Tags></Tags>
    <Version>1.8.1</Version>
  </Recipe>

  <Feature enable="Orchard.Blogs,Orchard.Comments,Orchard.Tags,Orchard.Alias,Orchard.Autoroute,
                   TinyMce,Orchard.MediaLibrary,Orchard.ContentPicker,Orchard.PublishLater,
                   Orchard.jQuery,Orchard.Widgets,Orchard.ContentTypes,
                   Orchard.Scripting,Orchard.Scripting.Lightweight,PackagingServices,Orchard.Packaging,
                   Orchard.Projections,Orchard.Fields,Orchard.OutputCache,Orchard.Taxonomies,Orchard.Workflows,
 				   Laser.Orchard.StartupConfig,Laser.Orchard.GoogleAnalytics,Laser.Orchard.TemplateEmailActivities,
				   Laser.Orchard.Mobile,Orchard.ArchiveLater,
				   Orchard.Localization,Orchard.ImportExport,Laser.Orchard.StartupConfig.RelationshipsEnhancer,Laser.Orchard.StartupConfig.TaxonomiesExtensions,
Orchard.Tokens,Laser.Orchard.ZoneAlternates,
Laser.Orchard.Maps,Laser.Orchard.StartupConfig.UriCultureSelector,Laser.Orchard.StartupConfig.MediaExtensions,
Laser.Orchard.StartupConfig.MailExtensions,Laser.Orchard.TemplateManagement.Parsers.Razor,Orchard.Search.Content,Lucene,Orchard.Indexing,
Laser.Orchard.WebServices,Laser.Orchard.StartupConfig.WorkflowExtensions,TheLaserAdmin,ResponsiveBaseTheme,Laser.Orchard.CulturePicker" />
  <Metadata>
    <Types>
      <Page ContentTypeSettings.Draftable="True"  TypeIndexing.Indexes="Search">
        <TagsPart />
        <LocalizationPart />
        <TitlePart/>
        <AutoroutePart />
        <MenuPart />
      </Page>
    <InfoPage ContentTypeSettings.Creatable="True" ContentTypeSettings.Draftable="True" DisplayName="Info Page" TypeIndexing.Indexes="Search">
        <CommonPart DateEditorSettings.ShowDateEditor="False" OwnerEditorSettings.ShowOwnerEditor="True" />
        <AutoroutePart AutorouteSettings.PerItemConfiguration="False" AutorouteSettings.AllowCustomPattern="True" AutorouteSettings.AutomaticAdjustmentOnEdit="False" AutorouteSettings.PatternDefinitions="[{&quot;Name&quot;:&quot;infopage&quot;,&quot;Pattern&quot;:&quot;infos/{Content.Slug}&quot;,&quot;Description&quot;:&quot;infos/my-title&quot;}]" AutorouteSettings.DefaultPatternIndex="0" />
        <BodyPart BodyTypePartSettings.Flavor="html" />
        <IdentityPart />
        <MapPart MapPartSettings.Required="False" />
        <TitlePart />
        <InfoPage />
        <LocalizationPart />
      </InfoPage>
      <BlogPost ContentTypeSettings.Draftable="True" TypeIndexing.Indexes="Search">
        <CommentsPart />
        <TagsPart />
        <LocalizationPart />
        <TitlePart/>
        <AutoroutePart />
      </BlogPost>
    </Types>
    <Parts>
      <CommonPart ContentPartSettings.Attachable="True" ContentPartSettings.Description="Provides common information about a content item, such as Owner, Date Created, Date Published and Date Modified.">
        <Creator.NumericField DisplayName="Id of user Creator" NumericFieldSettings.Required="False" NumericFieldSettings.Scale="0" NumericFieldSettings.Minimum="" NumericFieldSettings.Maximum="" FieldExternalSetting.Required="False" FieldExternalSetting.NoFollow="False" FieldExternalSetting.GenerateL="False" />
        <LastModifier.NumericField DisplayName="Id of last user that have modified the content item" NumericFieldSettings.Required="False" NumericFieldSettings.Scale="0" NumericFieldSettings.Minimum="" NumericFieldSettings.Maximum="" FieldExternalSetting.Required="False" FieldExternalSetting.NoFollow="False" FieldExternalSetting.GenerateL="False" />
      </CommonPart>
      <AutoroutePart ContentPartSettings.Attachable="True" ContentPartSettings.Description="Adds advanced url configuration options to your content type to completely customize the url pattern for a content item." />
      <BodyPart ContentPartSettings.Attachable="True" ContentPartSettings.Description="Allows the editing of text using an editor provided by the configured flavor (e.g. html, text, markdown)." BodyPartSettings.FlavorDefault="html" />
      <IdentityPart ContentPartSettings.Attachable="True" ContentPartSettings.Description="Automatically generates a unique identity for the content item, which is required in import/export scenarios where one content item references another." />
      <MapPart ContentPartSettings.Attachable="True">
        <MapSourceFile.MediaLibraryPickerField DisplayName="Map Source" MediaLibraryPickerFieldSettings.Required="False" _x0020_MediaLibraryPickerFieldSettings.Multiple="False" MediaLibraryPickerFieldSettings.Multiple="False" FieldExternalSetting.Required="False" FieldExternalSetting.NoFollow="False" FieldExternalSetting.GenerateL="False" />
      </MapPart>
      <TitlePart ContentPartSettings.Attachable="True" ContentPartSettings.Description="Provides a Title for your content item." />
      <InfoPage ContentPartSettings.Attachable="True">
        <Gallery.MediaLibraryPickerField DisplayName="Gallery" MediaLibraryPickerFieldSettings.Required="False" MediaLibraryPickerFieldSettings.Multiple="True" FieldExternalSetting.Required="False" FieldExternalSetting.NoFollow="False" FieldExternalSetting.GenerateL="False" />
      </InfoPage>
      <LocalizationPart ContentPartSettings.Attachable="True" ContentPartSettings.Description="Provides the user interface to localize content items." />
    </Parts>
  </Metadata>
  <Settings />
    <Migration features="*" />
  <Command>
    theme activate "ResponsiveBaseTheme"
  </Command>
</Orchard>
