
{"n": "Model", "v": "ContentItem", "m": [{ "n": "Id", "v": "26" }, {"n": "Version", "v": "2" }, {"n": "ContentType", "v": "\"Scheda\"" }, {"n": "TermsPart", "v": "TermsPart", "m": [{ "n": "Terms", "v": "PersistentGenericBag<TermContentItem>", "m": [{ "n": "[0]", "v": "TermContentItem", "m": [{ "n": "Id", "v": "6" }, {"n": "Field", "v": "\"Category\"" }] }] }, {"n": "TermParts", "v": "WhereSelectEnumerableIterator<TermContentItem, TermContentItemPart>", "m": [{ "n": "[0]", "v": "TermContentItemPart", "m": [{ "n": "Field", "v": "\"Category\"" }, {"n": "TermPart", "v": "TermPart", "m": [{ "n": "Name", "v": "\"Produttore\"" }, {"n": "Slug", "v": "\"tiposcheda/produttore\"" }, {"n": "Container", "v": "ContentItem", "m": [{ "n": "Id", "v": "15" }, {"n": "Version", "v": "1" }, {"n": "ContentType", "v": "\"Taxonomy\"" }, {"n": "TaxonomyPart", "v": "TaxonomyPart", "m": [{ "n": "Terms", "v": "OrderedEnumerable<TermPart, TermPart>", "m": [{ "n": "[0]", "v": "TermPart", "m": [{ "n": "Name", "v": "\"Prodotto\"" }, {"n": "Slug", "v": "\"tiposcheda/prodotto\"" }, {"n": "TaxonomyId", "v": "15" }, {"n": "Path", "v": "\"/\"" }, {"n": "Count", "v": "2" }, {"n": "Selectable", "v": "True" }, {"n": "Weight", "v": "0" }, {"n": "FullPath", "v": "\"/16\"" }, {"n": "Id", "v": "16" }] }, {"n": "[1]", "v": "TermPart", "m": [{ "n": "Name", "v": "\"Produttore\"" }, {"n": "Slug", "v": "\"tiposcheda/produttore\"" }, {"n": "TaxonomyId", "v": "15" }, {"n": "Path", "v": "\"/\"" }, {"n": "Count", "v": "1" }, {"n": "Selectable", "v": "True" }, {"n": "Weight", "v": "0" }, {"n": "FullPath", "v": "\"/17\"" }, {"n": "Id", "v": "17" }] }, {"n": "[2]", "v": "TermPart", "m": [{ "n": "Name", "v": "\"Punto di interesse\"" }, {"n": "Slug", "v": "\"tiposcheda/punto-di-interesse\"" }, {"n": "TaxonomyId", "v": "15" }, {"n": "Path", "v": "\"/\"" }, {"n": "Count", "v": "0" }, {"n": "Selectable", "v": "True" }, {"n": "Weight", "v": "0" }, {"n": "FullPath", "v": "\"/18\"" }, {"n": "Id", "v": "18" }] }, {"n": "[3]", "v": "TermPart", "m": [{ "n": "Name", "v": "\"Storico-Culturale\"" }, {"n": "Slug", "v": "\"tiposcheda/punto-di-interesse/storico-culturale\"" }, {"n": "TaxonomyId", "v": "15" }, {"n": "Path", "v": "\"/18/\"" }, {"n": "Count", "v": "0" }, {"n": "Selectable", "v": "True" }, {"n": "Weight", "v": "0" }, {"n": "FullPath", "v": "\"/18/19\"" }, {"n": "Id", "v": "19" }] }] }, {"n": "Name", "v": "\"TipoScheda\"" }, {"n": "Slug", "v": "\"tiposcheda\"" }, {"n": "TermTypeName", "v": "\"TipoSchedaTerm\"" }, {"n": "IsInternal", "v": "False" }, {"n": "ContentItem", "v": "ContentItem" }, {"n": "Id", "v": "15" }] }, {"n": "CommonPart", "v": "CommonPart", "m": [{ "n": "OwnerField", "v": "LazyField<IUser>", "m": [{ "n": "Value", "v": "UserPart", "m": [{ "n": "UserName", "v": "\"admin\"" }, {"n": "Email", "v": "\"\"" }, {"n": "NormalizedUserName", "v": "\"admin\"" }, {"n": "RegistrationStatus", "v": "Approved" }, {"n": "EmailStatus", "v": "Approved" }, {"n": "Id", "v": "2" }] }] }, {"n": "ContainerField", "v": "LazyField<IContent>", "m": [{ "n": "Value", "v": "null" }] }, {"n": "Owner", "v": "UserPart", "m": [{ "n": "UserName", "v": "\"admin\"" }, {"n": "Email", "v": "\"\"" }, {"n": "NormalizedUserName", "v": "\"admin\"" }, {"n": "RegistrationStatus", "v": "Approved" }, {"n": "EmailStatus", "v": "Approved" }, {"n": "ContentItem", "v": "ContentItem", "m": [{ "n": "Id", "v": "2" }, {"n": "Version", "v": "1" }, {"n": "ContentType", "v": "\"User\"" }] }, {"n": "Id", "v": "2" }] }, {"n": "Container", "v": "null" }, {"n": "CreatedUtc", "v": "05/06/2014 18.17.40" }, {"n": "PublishedUtc", "v": "05/06/2014 18.17.40" }, {"n": "ModifiedUtc", "v": "05/06/2014 18.17.40" }, {"n": "VersionCreatedUtc", "v": "05/06/2014 18.17.40" }, {"n": "VersionPublishedUtc", "v": "05/06/2014 18.17.40" }, {"n": "VersionModifiedUtc", "v": "05/06/2014 18.17.40" }, {"n": "ContentItem", "v": "ContentItem" }, {"n": "Id", "v": "15" }] }, {"n": "TitlePart", "v": "TitlePart", "m": [{ "n": "Title", "v": "\"TipoScheda\"" }, {"n": "ContentItem", "v": "ContentItem" }, {"n": "Id", "v": "15" }] }, {"n": "AutoroutePart", "v": "AutoroutePart", "m": [{ "n": "CustomPattern", "v": "null" }, {"n": "UseCustomPattern", "v": "False" }, {"n": "DisplayAlias", "v": "\"tiposcheda\"" }, {"n": "Path", "v": "\"tiposcheda\"" }, {"n": "ContentItem", "v": "ContentItem" }, {"n": "Id", "v": "15" }] }] }, {"n": "TaxonomyId", "v": "15" }, {"n": "Path", "v": "\"/\"" }, {"n": "Count", "v": "1" }, {"n": "Selectable", "v": "True" }, {"n": "Weight", "v": "0" }, {"n": "FullPath", "v": "\"/17\"" }, {"n": "ContentItem", "v": "ContentItem", "m": [{ "n": "Id", "v": "17" }, {"n": "Version", "v": "1" }, {"n": "ContentType", "v": "\"TipoSchedaTerm\"" }, {"n": "TermPart", "v": "TermPart", "m": [{ "n": "Name", "v": "\"Produttore\"" }, {"n": "Slug", "v": "\"tiposcheda/produttore\"" }, {"n": "Container", "v": "ContentItem" }, {"n": "TaxonomyId", "v": "15" }, {"n": "Path", "v": "\"/\"" }, {"n": "Count", "v": "1" }, {"n": "Selectable", "v": "True" }, {"n": "Weight", "v": "0" }, {"n": "FullPath", "v": "\"/17\"" }, {"n": "ContentItem", "v": "ContentItem" }, {"n": "Id", "v": "17" }] }, {"n": "TitlePart", "v": "TitlePart", "m": [{ "n": "Title", "v": "\"Produttore\"" }, {"n": "ContentItem", "v": "ContentItem" }, {"n": "Id", "v": "17" }] }, {"n": "AutoroutePart", "v": "AutoroutePart", "m": [{ "n": "CustomPattern", "v": "null" }, {"n": "UseCustomPattern", "v": "False" }, {"n": "DisplayAlias", "v": "\"tiposcheda/produttore\"" }, {"n": "Path", "v": "\"tiposcheda/produttore\"" }, {"n": "ContentItem", "v": "ContentItem" }, {"n": "Id", "v": "17" }] }, {"n": "CommonPart", "v": "CommonPart", "m": [{ "n": "OwnerField", "v": "LazyField<IUser>", "m": [{ "n": "Value", "v": "UserPart", "m": [{ "n": "UserName", "v": "\"admin\"" }, {"n": "Email", "v": "\"\"" }, {"n": "NormalizedUserName", "v": "\"admin\"" }, {"n": "RegistrationStatus", "v": "Approved" }, {"n": "EmailStatus", "v": "Approved" }, {"n": "Id", "v": "2" }] }] }, {"n": "ContainerField", "v": "LazyField<IContent>", "m": [{ "n": "Value", "v": "ContentItem" }] }, {"n": "Owner", "v": "UserPart", "m": [{ "n": "UserName", "v": "\"admin\"" }, {"n": "Email", "v": "\"\"" }, {"n": "NormalizedUserName", "v": "\"admin\"" }, {"n": "RegistrationStatus", "v": "Approved" }, {"n": "EmailStatus", "v": "Approved" }, {"n": "ContentItem", "v": "ContentItem" }, {"n": "Id", "v": "2" }] }, {"n": "Container", "v": "ContentItem" }, {"n": "CreatedUtc", "v": "05/06/2014 18.18.09" }, {"n": "PublishedUtc", "v": "05/06/2014 18.18.09" }, {"n": "ModifiedUtc", "v": "05/06/2014 18.18.09" }, {"n": "VersionCreatedUtc", "v": "05/06/2014 18.18.09" }, {"n": "VersionPublishedUtc", "v": "05/06/2014 18.18.09" }, {"n": "VersionModifiedUtc", "v": "05/06/2014 18.18.09" }, {"n": "ContentItem", "v": "ContentItem" }, {"n": "Id", "v": "17" }] }] }, {"n": "Id", "v": "17" }] }] }] }, {"n": "ContentItem", "v": "ContentItem" }, {"n": "Id", "v": "26" }] }, {"n": "CommonPart", "v": "CommonPart", "m": [{ "n": "OwnerField", "v": "LazyField<IUser>", "m": [{ "n": "Value", "v": "UserPart", "m": [{ "n": "UserName", "v": "\"admin\"" }, {"n": "Email", "v": "\"\"" }, {"n": "NormalizedUserName", "v": "\"admin\"" }, {"n": "RegistrationStatus", "v": "Approved" }, {"n": "EmailStatus", "v": "Approved" }, {"n": "ContentItem", "v": "ContentItem" }, {"n": "Id", "v": "2" }] }] }, {"n": "ContainerField", "v": "LazyField<IContent>", "m": [{ "n": "Value", "v": "null" }] }, {"n": "Owner", "v": "UserPart", "m": [{ "n": "UserName", "v": "\"admin\"" }, {"n": "Email", "v": "\"\"" }, {"n": "NormalizedUserName", "v": "\"admin\"" }, {"n": "RegistrationStatus", "v": "Approved" }, {"n": "EmailStatus", "v": "Approved" }, {"n": "ContentItem", "v": "ContentItem" }, {"n": "Id", "v": "2" }] }, {"n": "Container", "v": "null" }, {"n": "CreatedUtc", "v": "06/06/2014 15.34.33" }, {"n": "PublishedUtc", "v": "09/06/2014 13.30.02" }, {"n": "ModifiedUtc", "v": "09/06/2014 13.30.02" }, {"n": "VersionCreatedUtc", "v": "09/06/2014 13.30.02" }, {"n": "VersionPublishedUtc", "v": "09/06/2014 13.30.02" }, {"n": "VersionModifiedUtc", "v": "09/06/2014 13.30.02" }, {"n": "ContentItem", "v": "ContentItem" }, {"n": "Id", "v": "26" }] }, {"n": "BodyPart", "v": "BodyPart", "m": [{ "n": "Text", "v": "\"<p>Descrizione dell'Azienda Hermes</p>\"" }, {"n": "ContentItem", "v": "ContentItem" }, {"n": "Id", "v": "26" }] }, {"n": "ContainablePart", "v": "ContainablePart", "m": [{ "n": "Weight", "v": "0" }, {"n": "ContentItem", "v": "ContentItem" }, {"n": "Id", "v": "26" }] }, {"n": "ContainerPart", "v": "ContainerPart", "m": [{ "n": "ItemContentType", "v": "null" }, {"n": "ItemsShown", "v": "False" }, {"n": "Paginated", "v": "True" }, {"n": "PageSize", "v": "10" }, {"n": "OrderByProperty", "v": "\"CommonPart.CreatedUtc\"" }, {"n": "OrderByDirection", "v": "1" }, {"n": "PagerParameters", "v": "PagerParameters", "m": [{ "n": "Page", "v": "null" }, {"n": "PageSize", "v": "null" }] }, {"n": "ContentItem", "v": "ContentItem" }, {"n": "Id", "v": "26" }] }, {"n": "MapPart", "v": "MapPart", "m": [{ "n": "Latitude", "v": "45,73088" }, {"n": "Longitude", "v": "7,303508" }, {"n": "LocationInfo", "v": "\"Via Grand Eyvia\"" }, {"n": "LocationAddress", "v": "\"Via Grand Eyvia Aosta Aosta\"" }, {"n": "ContentItem", "v": "ContentItem" }, {"n": "Id", "v": "26" }] }, {"n": "TitlePart", "v": "TitlePart", "m": [{ "n": "Title", "v": "\"Produttore Hermes\"" }, {"n": "ContentItem", "v": "ContentItem" }, {"n": "Id", "v": "26" }] }, {"n": "Scheda", "v": "ContentPart", "m": [{ "n": "ContentItem", "v": "ContentItem" }, {"n": "Id", "v": "26" }, {"n": "RelatedMedia", "v": "MediaLibraryPickerField", "m": [{ "n": "Ids", "v": "Int32[]" }, {"n": "MediaParts", "v": "List<MediaPart>" }, {"n": "Name", "v": "\"RelatedMedia\"" }, {"n": "DisplayName", "v": "\"Related Media\"" }, {"n": "Storage", "v": "FieldStorageEventStorage" }] }, {"n": "WebSiteUrl", "v": "LinkField", "m": [{ "n": "Value", "v": "\"www.sbicego.net\"" }, {"n": "Text", "v": "\"Sito Web\"" }, {"n": "Target", "v": "null" }, {"n": "Name", "v": "\"WebSiteUrl\"" }, {"n": "DisplayName", "v": "\"WebSiteUrl\"" }, {"n": "Storage", "v": "FieldStorageEventStorage" }] }, {"n": "Prices", "v": "TextField", "m": [{ "n": "Value", "v": "null" }, {"n": "Name", "v": "\"Prices\"" }, {"n": "DisplayName", "v": "\"Prices\"" }, {"n": "Storage", "v": "FieldStorageEventStorage" }] }, {"n": "Email", "v": "InputField", "m": [{ "n": "Value", "v": "\"hermes.sbicego@laser-group.com\"" }, {"n": "Name", "v": "\"Email\"" }, {"n": "DisplayName", "v": "\"Email\"" }, {"n": "Storage", "v": "FieldStorageEventStorage" }] }, {"n": "Category", "v": "TaxonomyField", "m": [{ "n": "Terms", "v": "List<TermPart>", "m": [{ "n": "[0]", "v": "TermPart", "m": [{ "n": "Name", "v": "\"Produttore\"" }, {"n": "Slug", "v": "\"tiposcheda/produttore\"" }, {"n": "Container", "v": "ContentItem" }, {"n": "TaxonomyId", "v": "15" }, {"n": "Path", "v": "\"/\"" }, {"n": "Count", "v": "1" }, {"n": "Selectable", "v": "True" }, {"n": "Weight", "v": "0" }, {"n": "FullPath", "v": "\"/17\"" }, {"n": "ContentItem", "v": "ContentItem" }, {"n": "Id", "v": "17" }] }] }, {"n": "Name", "v": "\"Category\"" }, {"n": "DisplayName", "v": "\"Category\"" }, {"n": "Storage", "v": "FieldStorageEventStorage" }] }, {"n": "RelatedSchede", "v": "ContentPickerField", "m": [{ "n": "Ids", "v": "Int32[]", "m": [{ "n": "[0]", "v": "20" }, {"n": "[1]", "v": "32" }] }, {"n": "ContentItems", "v": "ContentItem[]", "m": [{ "n": "[0]", "v": "ContentItem", "m": [{ "n": "Id", "v": "20" }, {"n": "Version", "v": "3" }, {"n": "ContentType", "v": "\"Scheda\"" }, {"n": "MapPart", "v": "MapPart", "m": [{ "n": "Latitude", "v": "45,74315" }, {"n": "Longitude", "v": "7,356283" }, {"n": "LocationInfo", "v": "\"Laser srl\"" }, {"n": "LocationAddress", "v": "\"Loc gr. ch 46\"" }, {"n": "ContentItem", "v": "ContentItem" }, {"n": "Id", "v": "20" }] }, {"n": "TitlePart", "v": "TitlePart", "m": [{ "n": "Title", "v": "\"Fontina\"" }, {"n": "ContentItem", "v": "ContentItem" }, {"n": "Id", "v": "20" }] }, {"n": "AutoroutePart", "v": "AutoroutePart", "m": [{ "n": "CustomPattern", "v": "null" }, {"n": "UseCustomPattern", "v": "False" }, {"n": "DisplayAlias", "v": "\"fontina\"" }, {"n": "Path", "v": "\"fontina\"" }, {"n": "ContentItem", "v": "ContentItem" }, {"n": "Id", "v": "20" }] }] }, {"n": "[1]", "v": "ContentItem", "m": [{ "n": "Id", "v": "32" }, {"n": "Version", "v": "1" }, {"n": "ContentType", "v": "\"Scheda\"" }, {"n": "MapPart", "v": "MapPart", "m": [{ "n": "Latitude", "v": "0" }, {"n": "Longitude", "v": "0" }, {"n": "LocationInfo", "v": "null" }, {"n": "LocationAddress", "v": "null" }, {"n": "ContentItem", "v": "ContentItem" }, {"n": "Id", "v": "32" }] }, {"n": "TitlePart", "v": "TitlePart", "m": [{ "n": "Title", "v": "\"Miele mille-fiori\"" }, {"n": "ContentItem", "v": "ContentItem" }, {"n": "Id", "v": "32" }] }, {"n": "AutoroutePart", "v": "AutoroutePart", "m": [{ "n": "CustomPattern", "v": "null" }, {"n": "UseCustomPattern", "v": "False" }, {"n": "DisplayAlias", "v": "\"miele-mille-fiori\"" }, {"n": "Path", "v": "\"miele-mille-fiori\"" }, {"n": "ContentItem", "v": "ContentItem" }, {"n": "Id", "v": "32" }] }] }] }, {"n": "Name", "v": "\"RelatedSchede\"" }, {"n": "DisplayName", "v": "\"RelatedSchede\"" }, {"n": "Storage", "v": "FieldStorageEventStorage" }] }] }, {"n": "AutoroutePart", "v": "AutoroutePart", "m": [{ "n": "CustomPattern", "v": "null" }, {"n": "UseCustomPattern", "v": "False" }, {"n": "DisplayAlias", "v": "\"produttore-hermes\"" }, {"n": "Path", "v": "\"produttore-hermes\"" }, {"n": "ContentItem", "v": "ContentItem" }, {"n": "Id", "v": "26" }] }]}